Model,Material Number
EB010,101462801
EB011,101427001
EB015,101471081
EB016,101471065
EB017,101472454
EB210,101475457
EB210,101471526
EB210,101475492
EB210,101476432
EB210,101476661
EB210,101477719
EB210,101477720
EB211,101475462
EB211,101471527
EB211,101475493
EB211,101476433
EB211,101476666
EB211,101477721
EB211,101477722
EB212,101474715
EB212,101476821
EB212,101477723
EB213,101474691
EB213,101476824
EB213,101477724
EB214,101474712
EB214,101476828
EB214,101477725
EB215,101475463
EB215,101471543
EB215,101474481
EB215,101476434
EB215,101476665
EB215,101477726
EB215,101477727
EB216,101475464
EB216,101471544
EB216,101474491
EB216,101476435
EB216,101476756
EB216,101477728
EB216,101477729
EB217,101475458
EB217,101473045
EB217,101474492
EB217,101476436
EB217,101476659
EB217,101477730
EB217,101477731
EB220,101476439
EB220,101476815
EB221,101476440
EB221,101476816
EB225,101476441
EB225,101476818
EB226,101476442
EB226,101476819
EB227,101476443
EB227,101476820
